{
    "pos_adjacency_scores": {
        "ADV,NOUN": 0.5814146356041989,
        "NOUN,VERB": 0.9812151213297728,
        "VERB,ADJ": 0.5069062820643581,
        "ADJ,NOUN": 0.9100231121541393,
        "NOUN,NOUN": 0.7213640058436683,
        "VING,NOUN": 0.8735376807259891,
        "NOUN,ADJ": 1.0,
        "NOUN,VING": 0.914300463140268,
        "VERB,NOUN": 0.9894318895222478,
        "ADJ,ADJ": 0.5102020874019643,
        "ADJ,VING": 0.5051286467321964,
        "VING,VERB": 0.5055555258945614,
        "VERB,VING": 0.5207559417448995,
        "NOUN,ADV": 0.6661417168051821,
        "VERB,VERB": 0.520082928215096,
        "ADV,ADJ": 0.5324252506735168,
        "ADJ,VERB": 0.5340334569348645,
        "ADJ,ADV": 0.5073905153005753,
        "VING,ADJ": 0.5476875295136507,
        "VING,ADV": 0.5032763668897947,
        "VERB,ADV": 0.5032178144174958,
        "ADV,VING": 0.5046333043604199
    },
    "word_adjacency_scores": {},
    "pos_ending_probabilities": {
        "NOUN": 1.0,
        "VERB": 0.6163509937744461,
        "ADJ": 0.6854978553138318,
        "ADV": 0.5287542956455303,
        "VING": 0.5207741731843876
    },
    "word_ending_probabilities": {}
}