{
    "pos_adjacency_scores": {
        "ADV,NOUN": 0.5122948866155909,
        "NOUN,VERB": 0.5649733850348004,
        "VERB,ADJ": 0.5008912715715875,
        "ADJ,NOUN": 0.5727276315636188,
        "NOUN,NOUN": 0.7676469868747192,
        "VING,NOUN": 0.5577814933853166,
        "NOUN,ADJ": 0.5706001926786234,
        "NOUN,VING": 0.5821582908429089,
        "VERB,NOUN": 0.5712944645901025,
        "ADJ,ADJ": 0.5013166028244268,
        "ADJ,VING": 0.5006618636468255,
        "VING,VERB": 0.5007169533837308,
        "VERB,VING": 0.502678601980974,
        "NOUN,ADV": 0.5218587323952821,
        "VERB,VERB": 0.5025917480383146,
        "ADV,ADJ": 0.5041845531152064,
        "ADJ,VERB": 0.5043920958290184,
        "ADJ,ADV": 0.5009537629835276,
        "VING,ADJ": 0.5065478458772097,
        "VING,ADV": 0.5004228226764781,
        "VERB,ADV": 0.5006269322896023,
        "ADV,VING": 0.5005979385754118,
        "NOUN,MODAL": 0.5019174676888213,
        "FUNC,PRON": 0.5430522120125486,
        "PRON,NOUN": 0.5497902517273625,
        "NOUN,FUNC": 0.6522438309156164,
        "FUNC,NOUN": 0.7245728110361822,
        "NOUN,PRON": 0.5472165188067701,
        "PRON,FUNC": 0.5095495726765453,
        "FUNC,FUNC": 0.0,
        "FUNC,ADJ": 0.5084705182957016,
        "ADJ,FUNC": 0.5017589636080388,
        "PRON,MODAL": 0.5115912859888456,
        "MODAL,NOUN": 0.5091374222377442,
        "NOUN,DET": 0.5063798460212505,
        "DET,NOUN": 0.5225529455803063,
        "FUNC,VING": 0.5098040555871468,
        "VING,FUNC": 0.5080721437726766,
        "ADJ,PRON": 0.5004576651577038,
        "FUNC,DET": 0.5031176170541362,
        "PRON,VERB": 0.5021282577584976,
        "VERB,FUNC": 0.5045436509141078,
        "FUNC,ADV": 0.5013745429911032,
        "FUNC,VERB": 0.5055153075678696,
        "FUNC,MODAL": 0.4870523072455149,
        "PRON,ADV": 0.5009594273665867,
        "VING,PRON": 0.5012367618397408,
        "PRON,PRON": 0.48948574644374215,
        "MODAL,FUNC": 0.48652854353390995
    },
    "word_adjacency_scores": {
        "If,you": 0.7431504067030772,
        "you,want": 0.5154832366441108,
        "want,to": 0.5308811196434957,
        "those,who": 0.5368840590767862,
        "you,are": 0.5157361240708587,
        "willing,to": 0.52270138469613,
        "you,will": 0.5283615100239959,
        "have,to": 0.5157871271101312,
        "your,life": 0.5169165125974677,
        "of,it": 0.5277009418597088,
        "that,idea": 0.5118194944100002,
        "is,the": 0.5496649041127564,
        "to,success": 0.5372630913508746,
        "people,who": 0.5093415928479907,
        "you,do": 0.5332154279182987,
        "what,you": 0.5884511185163052,
        "Success,is": 0.5632441048476755,
        "the,world": 0.5387278141626043,
        "to,reach": 0.5125289518287304,
        "become,a": 0.5105737655567155,
        "minds,discuss": 0.5208242784254541,
        "you,don't": 0.5334506845000966,
        "life,is": 0.5193158035581382,
        "is,to": 0.5335374158766152,
        "to,do": 0.5321872655849011,
        "do,it": 0.5449953158835705,
        "if,you": 0.5247812088680255,
        "in,the": 0.22720553767129437,
        "you,can": 0.5388615306428186,
        "can,do": 0.5531253654994933,
        "find,that": 0.5112368768809495,
        "the,more": 0.3294874477206779,
        "of,the": 0.0,
        "to,make": 0.5098211119868838,
        "in,life": 0.525886135259125,
        "to,be": 0.5254345006830677,
        "to,succeed": 0.5127741522748734,
        "on,the": 0.319965266096278,
        "what,they": 0.5139504866921975,
        "the,size": 0.5108544849962743,
        "size,of": 0.5108544849962743
    },
    "pos_ending_probabilities": {
        "NOUN": 1.0,
        "VERB": 0.5315706461446608,
        "ADJ": 0.5526153275391914,
        "ADV": 0.513035484678552,
        "VING": 0.5310691606800351,
        "FUNC": 0.510443697982585,
        "PRON": 0.5756708924564246
    },
    "word_ending_probabilities": {
        "success": 0.7211360090368917,
        "them": 1.0,
        "it": 1.0,
        "you": 0.6428571428571428
    }
}